ID	label
chr2-47806319-47806320-G-A	1
chr6-157133135-157133136-G-C	1
chrX-41344254-41344255-G-C	1
chr17-45119014-45119029-TAGACGGTCGTTGTTG-T	0
chr19-57397065-57397066-G-T	0
chr1-154590262-154590263-T-A	0
chr8-22566400-22566401-G-C	0
chr15-100900576-100900577-G-T	0
chr13-113425167-113425168-G-T	0
chr16-58516554-58516555-G-A	0
chr11-62752450-62752451-G-A	0
chr22-18606897-18606898-G-A	1
chr12-889169-889170-C-G	1
chr18-80136551-80136552-C-T	0
chr4-108650681-108650682-C-G	1
chr3-172353066-172353067-C-T	1
chr16-2295600-2295601-C-G	0
chr18-36067341-36067342-C-G	0
chr10-125859825-125859826-G-C	1
chr6-70190343-70190344-G-C	0
chr9-35609475-35609476-C-T	0
chr3-121697676-121697677-G-C	1
chr13-98431277-98431278-G-T	0
chr19-19336157-19336158-A-C	1
chr11-6401000-6401001-C-T	0
chr15-49282070-49282071-G-T	0
chr2-216428741-216428742-C-G	0
chr9-137255473-137255474-G-C	1
chr20-23354058-23354059-C-G	0
chr1-36179727-36179728-G-A	1
chr1-27793606-27793607-C-G	0
chr17-29286059-29286060-C-G	0
chr18-14106118-14106119-G-C	0
chr22-50177151-50177152-C-T	0
chr6-3723707-3723708-C-G	0
chr12-31697921-31697922-G-T	0
chr7-82908982-82908983-C-G	0
chr19-12580947-12580948-G-A	0
chr19-14049194-14049195-C-T	0
chr17-4545724-4545725-T-C	0
chr22-50243800-50243801-T-C	0
chr10-37957500-37957501-C-T	0
chr1-36179726-36179728-GG-AA	1
chr19-14049194-14049196-CC-TT	0
chr9-137199427-137199428-T-A	0
chr19-16093698-16093699-G-C	0
chr14-60724007-60724008-C-G	0
chr5-1814504-1814505-G-A	1
chr5-177460554-177460555-C-T	0
chr14-32600790-32600791-A-T	0
chr1-204125889-204125890-C-T	0
chr6-32181195-32181196-G-T	0
chr3-171138369-171138370-G-T	0
chr19-21536794-21536799-TAAGAG-T	0
chr8-125436370-125436371-C-T	0
chr8-125436370-125436372-CC-TT	0
chr5-133103958-133103959-T-C	0
chr7-102317255-102317256-A-G	0
chr15-50643416-50643417-T-G	0
chr1-232805681-232805682-C-T	0
chrX-77681732-77681733-T-C	0
chr2-219514658-219514659-C-A	0
chr3-154284949-154284950-C-T	0
chrX-1419025-1419026-G-A	0
chrX-40655057-40655058-G-T	0
chr17-80086142-80086143-G-C	0
chr2-236392010-236392011-C-T	0
chr6-1930219-1930220-G-T	0
chr6-1930220-1930221-A-T	0
chr19-52384796-52384797-A-G	0
chr19-52384795-52384796-C-A	0
chr17-5007046-5007047-C-T	0
chr14-55180753-55180754-G-A	0
chr14-21403125-21403126-C-A	0
chr12-48693119-48693120-G-C	0
chr20-4182496-4182497-C-A	0
chr7-77600798-77600799-C-T	0
chr4-373601-373602-C-T	0
chr11-46728135-46728136-T-C	0
chr4-103145955-103145956-C-G	0
chr5-7886679-7886680-G-C	0
chrX-15355261-15355262-C-T	0
chr8-132141242-132141243-C-G	0
chr5-134893641-134893642-T-C	1
chr16-74391670-74391671-C-T	0
chr15-74280668-74280669-G-T	0
chr17-4818361-4818376-TGGACAGAATCCTGAA-T	0
chr1-42775287-42775288-A-G	0
chr22-41524890-41524891-G-C	0
chr6-33211510-33211511-C-A	0
chr11-862686-862687-C-G	0
chr7-82916602-82916603-C-A	0
chr11-64320894-64320895-T-C	0
chr9-120858190-120858191-G-A	0
chr19-35841840-35841841-C-A	0
chr3-184239802-184239803-C-T	0
chrX-9967396-9967397-G-A	0
chr2-63942505-63942506-C-G	0
chr15-45133932-45133933-G-A	0
chr5-14507134-14507135-C-T	0
chr20-35384131-35384132-C-G	0
chr2-190982493-190982494-G-C	0
chr7-155462475-155462476-A-G	0
chr1-43432295-43432296-G-C	1
chr10-125729432-125729433-C-G	0
chr16-3745299-3745300-G-C	0
chr1-227091907-227091908-T-G	0
chr16-25246937-25246938-C-T	0
chr15-30089755-30089756-C-G	0
chr6-118491773-118491774-G-A	0
chr19-16572288-16572289-C-G	1
chr5-145817966-145817967-A-G	0
chr2-31366060-31366061-G-C	0
chr17-7675087-7675088-C-T	0
chr6-29726902-29726904-AA-CT	0
chr2-102015965-102015966-C-T	0
chr15-62819536-62819537-G-A	0
chr8-38428419-38428420-G-A	1
chr22-37631020-37631021-C-G	0
chr9-129102403-129102404-T-C	0
chr7-112342710-112342711-G-C	0
chr1-179109009-179109010-T-C	0
chr6-109451607-109451608-G-T	0
chr10-32567832-32567833-C-T	0
chrX-1419095-1419096-G-A	0
chr20-41165771-41165772-C-G	0
chr10-132163376-132163377-C-G	0
chr2-53901384-53901385-G-C	0
chr19-5928080-5928081-C-G	0
chr22-37374977-37374978-G-A	0
chr19-6755017-6755018-T-C	0
chr3-52395054-52395055-C-T	0
chr16-87417563-87417564-G-C	0
chr4-48420360-48420361-A-G	0
chr8-143805313-143805314-A-C	0
chr5-141332647-141332648-C-T	0
chr1-16972417-16972418-C-G	0
chr12-49526214-49526215-G-A	0
chr1-86453473-86453474-G-A	0
chr8-143795429-143795430-C-T	0
chr20-10054508-10054509-G-C	0
chr5-1331835-1331836-C-A	0
chr7-112821984-112821985-G-T	0
chr6-43587456-43587457-G-A	0
chrX-43656385-43656386-C-A	0
chr2-61348284-61348285-C-G	0
chr8-125102410-125102411-G-C	0
chr17-82961144-82961145-G-C	0
chr9-133354714-133354715-G-C	0
chr2-669669-669670-C-T	0
chr2-219471924-219471925-A-G	0
chr14-91783159-91783160-T-A	0
chr12-112043094-112043095-A-C	0
chr7-128815875-128815876-C-G	0
chr11-63544840-63544860-GTGAGCACTTTGTCACCCAGC-G	0
chr22-26540809-26540810-G-T	0
chr11-6410863-6410864-C-T	0
chr2-175093191-175093192-C-G	0
chr2-71611503-71611504-C-G	0
chrX-154349376-154349377-C-G	0
chr3-33053544-33053545-G-T	0
chr8-123220246-123220247-C-A	0
chr20-17659330-17659331-C-T	0
chr6-46662451-46662452-C-G	0
chr9-37784015-37784016-T-A	0
chr1-168179177-168179178-A-T	0
chr8-125028638-125028639-T-C	0
chr7-27130623-27130624-C-T	0
chr1-39429921-39429922-G-C	0
chr17-7588499-7588500-G-C	0
chr12-116009024-116009025-G-C	0
chr13-45399008-45399009-C-T	0
chr15-43149136-43149137-G-C	0
chr1-183880710-183880711-A-C	0
chr7-157005551-157005552-G-A	0
chr6-43340177-43340178-C-G	0
chr1-52961569-52961570-C-A	1
chr7-97006043-97006044-G-C	0
chr13-25541936-25541938-GA-CT	0
chr4-40808808-40808809-A-G	0
chr15-40622779-40622780-C-T	0
chr19-17052841-17052842-C-G	0
chr18-80138228-80138229-G-T	0
chr6-33723018-33723020-CA-TG	0
chr8-66813873-66813874-C-T	0
chr9-35750917-35750918-C-T	0
chr19-422192-422193-G-C	0
chr1-223264671-223264672-G-C	0
chrX-78015862-78015863-G-C	0
chr20-59944225-59944226-A-G	0
chr10-104021651-104021652-G-T	0
chr3-56617278-56617279-G-C	0
chrX-107601385-107601386-G-T	0
chrX-9937278-9937279-G-C	0
chrX-71378281-71378287-GAGATAT-G	0
chr19-6044262-6044263-G-C	0
chr9-4286160-4286161-G-T	0
chr7-92077866-92077867-G-C	0
chr1-150261628-150261629-G-A	0
chr6-152325133-152325134-C-T	0
chr19-13765994-13765995-G-C	0
chr15-40622778-40622779-C-T	0
chr1-27359862-27359863-T-G	0
chr3-186164997-186164998-C-T	0
chr22-37570267-37570268-C-G	0
chr7-140024672-140024681-TCAAAGATCA-T	0
chr4-154491218-154491219-G-C	0
chr15-40622778-40622780-CC-TT	0
chrX-68717715-68717716-G-A	0
chr14-32773880-32773881-G-T	0
chr4-176120050-176120052-AG-GA	0
chrX-149930830-149930831-G-A	0
chr1-227091906-227091907-GC-G	0
chr9-137436071-137436072-C-T	0
chr16-49281350-49281351-C-T	0
chr2-106425181-106425182-C-T	0
chr11-20638483-20638484-T-A	0
chr20-59301546-59301547-G-T	0
chr11-124319973-124319974-G-A	0
chr2-195816717-195816718-T-G	0
chr9-81992222-81992223-C-G	0
chr17-11784434-11784435-G-C	0
chr14-91235009-91235029-GGTACAGCTCATCGAGGAGTT-G	0
chr15-69049033-69049034-G-C	0
chr18-60371739-60371740-T-G	0
chr16-25221522-25221523-G-C	0
chr7-132508196-132508197-C-A	0
chr6-10801907-10801908-C-G	0
chr11-56542446-56542447-T-C	0
chr15-84036950-84036951-A-T	0
chr11-59364558-59364559-T-A	0
chr10-60186848-60186849-G-T	0
chr4-114833618-114833619-A-G	0
chr17-3433668-3433669-G-T	0
chr2-110933496-110933497-G-A	0
chr16-67239382-67239411-GCTGCTCTTCCAGGGACAGCTCGGTGTCCA-G	0
chr3-38698510-38698511-G-A	0
chr3-154284954-154284982-GAGGTGTCAATTCTTCTTGTTTATCCAAA-G	0
chr6-131710718-131710719-T-C	0
chr1-16006133-16006134-G-T	0
chr19-8969814-8969831-ACGTGGAATTTCCTTGTG-A	0
chr21-30755335-30755336-C-T	0
chr22-46257698-46257699-G-A	0
chr1-13318693-13318694-G-A	0
chr14-23425383-23425384-T-G	0
chr6-73363141-73363172-CTTGATTCACGTGAATCGATTGGACCCTAACG-C	0
chrX-32389609-32389610-C-T	0
chrX-141003559-141003560-C-G	0
chr6-30986467-30986468-T-C	0
chr2-222689427-222689428-G-T	0
chr2-106830076-106830077-G-C	0
chr17-41771694-41771736-GTGTACTGGCGCCCGCAGGCCTCATCCTCCTCCATGATGCCCT-G	0
chr11-64593669-64593670-G-C	0
chr1-207623001-207623002-C-G	0
chr19-13931970-13931971-A-G	0
chr14-26448937-26448938-G-C	0
chr19-38802098-38802099-G-A	0
chr3-122927970-122927971-G-C	0
chr1-204986102-204986103-C-G	0
chr6-122781239-122781240-C-G	0
chr1-59858482-59858483-C-T	0
chr1-45058674-45058675-G-A	0
chr11-5968293-5968294-G-C	0
chr10-115241629-115241630-G-A	0
chr1-243164805-243164806-G-C	0
chr19-8955983-8955984-G-A	0
chr2-160107761-160107762-T-A	0
chrX-7843975-7843976-C-T	0
chr3-156291991-156291992-G-T	0
chr8-23368189-23368210-TGGCCACGTTGGCGGGGGCCTG-T	1
chr11-123943666-123943667-G-C	0
chr1-686482-686483-G-C	0
chr15-44767453-44767453-T-TC	0
chr6-73363176-73363177-AG-A	0
chr1-37721680-37721681-G-T	0
chr22-37723212-37723213-GA-G	0
chr12-10159995-10159996-G-C	0
chr7-87424004-87424005-A-C	0
chr5-150120064-150120065-G-A	0
chr5-134703847-134703848-G-T	0
chr5-141123692-141123693-G-C	0
chr7-117548739-117548740-G-T	0
chr5-115130597-115130604-ACTAACTG-A	0
chrX-102463004-102463005-G-A	0
chr2-201835739-201835740-A-C	0
chr1-22576425-22576426-C-A	0
chr8-123220221-123220221-A-AGGGCTAC	0
chr3-183179682-183179683-G-A	0
chr14-70060889-70060890-C-G	0
chr10-13481023-13481024-C-G	0
chr6-29374537-29374538-G-C	0
chrX-8466116-8466117-G-C	0
chr7-122013415-122013416-A-G	0
chr13-25541937-25541938-A-T	0
chr14-94463231-94463232-G-T	0
chr15-43612872-43612873-C-T	0
chr19-50625545-50625546-G-A	0
chr9-113369791-113369792-G-A	0
chr14-39247882-39247883-G-C	0
chr1-119895935-119895936-C-T	0
chr2-227893862-227893863-C-T	0
chr6-29174125-29174126-C-T	0
chr11-193734-193735-G-A	0
chr10-122601958-122601959-T-C	0
chr11-58190707-58190708-A-T	0
chr7-151181249-151181250-C-T	0
chr9-39359764-39359765-C-T	0
chr3-58210851-58210852-G-C	0
chrX-135721216-135721217-G-A	0
chrX-135779451-135779452-C-T	0
chrX-135796713-135796714-C-T	0
chr17-78484882-78484883-A-T	0
chr6-43283594-43283595-A-T	0
chr5-23521053-23521054-C-G	0
chr1-66834005-66834006-C-G	0
chr3-52517959-52517960-A-C	0
chr5-136274698-136274699-C-T	0
chr17-10499040-10499041-G-A	0
chr13-25541936-25541937-G-C	0
chr13-37746421-37746422-C-T	0
chr1-111727105-111727106-G-T	0
chr1-160876800-160876801-C-T	0
chr11-92982014-92982015-G-T	0
chr11-70087776-70087777-C-T	0
chr1-196995755-196995756-A-G	0
chr7-47833094-47833095-G-A	0
chr11-63290369-63290370-G-A	0
chr6-55351464-55351465-G-C	0
chr21-43172070-43172071-G-C	0
chr16-28652309-28652310-C-T	0
chr16-28766434-28766435-C-T	0
chr1-22660990-22660991-G-A	0
chr14-24068642-24068643-G-A	0
chr3-39188114-39188115-A-T	0
chr2-26458127-26458128-A-G	0
chr2-113482183-113482183-G-GA	0
chr8-132948805-132948806-C-G	0
chr20-2312957-2312958-C-T	0
chr16-16387708-16387709-G-A	0
chr16-18324187-18324188-C-T	0
chr4-121932625-121932626-C-A	0
chr1-203347717-203347718-G-C	0
chr7-39339738-39339739-G-C	0
chr4-110559663-110559664-G-C	0
chr11-46876561-46876562-C-T	0
chr9-138120681-138120682-G-A	0
chr2-94874875-94874876-T-A	0
chr4-176120051-176120052-G-A	0
chrX-149548665-149548666-C-T	0
chr16-72128664-72128665-T-G	0
chr6-47000271-47000272-C-T	0
chr4-5988666-5988667-T-A	0
chr15-44767434-44767452-AAATGGACAGTTGGAGTTG-A	0
chr3-44242057-44242058-G-A	0
chr14-94382907-94382908-C-G	0
chr15-94399982-94399983-G-T	0
chr8-138737576-138737577-C-A	0
chr21-44330789-44330813-AGGCAGCCGCGGCCCCTAGCGGCCC-A	0
